{
    "logistic_regression": {
        "accuracy": 0.9649122807017544,
        "auc": 0.996031746031746,
        "precision": 0.975,
        "recall": 0.9285714285714286,
        "f1_score": 0.9512195121951219,
        "mcc": 0.9245181185940877
    },
    "decision_tree": {
        "accuracy": 0.9298245614035088,
        "auc": 0.9246031746031745,
        "precision": 0.9047619047619048,
        "recall": 0.9047619047619048,
        "f1_score": 0.9047619047619048,
        "mcc": 0.8492063492063492
    },
    "knn": {
        "accuracy": 0.956140350877193,
        "auc": 0.982308201058201,
        "precision": 0.9743589743589743,
        "recall": 0.9047619047619048,
        "f1_score": 0.9382716049382716,
        "mcc": 0.9058238738943076
    },
    "naive_bayes": {
        "accuracy": 0.9210526315789473,
        "auc": 0.9890873015873015,
        "precision": 0.9230769230769231,
        "recall": 0.8571428571428571,
        "f1_score": 0.8888888888888888,
        "mcc": 0.8291617197562593
    },
    "random_forest": {
        "accuracy": 0.9736842105263158,
        "auc": 0.9928902116402116,
        "precision": 1.0,
        "recall": 0.9285714285714286,
        "f1_score": 0.9629629629629629,
        "mcc": 0.9441549509633318
    },
    "xgboost": {
        "accuracy": 0.9736842105263158,
        "auc": 0.9940476190476191,
        "precision": 1.0,
        "recall": 0.9285714285714286,
        "f1_score": 0.9629629629629629,
        "mcc": 0.9441549509633318
    }
}